Date,daily_smape
2025-01-01,171.94610643830794
2025-01-02,65.31978663124397
2025-01-03,33.3297322629399
2025-01-04,66.6882444045592
2025-01-05,39.71349325167591
2025-01-06,84.456379265215
2025-01-07,90.85835512802872
2025-01-08,50.92028246703214
2025-01-09,62.53207703051466
2025-01-10,50.36678606771618
2025-01-11,28.93032568657241
2025-01-12,56.27612750008145
2025-01-13,71.63889834524917
2025-01-14,69.96618432862292
2025-01-15,94.77935598938298
2025-01-16,62.96113260906103
2025-01-17,66.50790085417299
2025-01-18,73.39516876861246
2025-01-19,70.03051142845487
2025-01-20,103.68010367044033
2025-01-21,88.56141565592634
2025-01-22,82.93151592827229
2025-01-23,37.524843370074244
2025-01-24,44.57868898576252
2025-01-25,59.61607838805224
2025-01-26,51.502850522733056
2025-01-27,39.624867091659425
2025-01-28,51.95844452220096
2025-01-29,49.986631054173515
2025-01-30,61.86434863134266
2025-01-31,74.59596671860061
2025-02-01,72.96694682405088
2025-02-02,75.37250676304203
2025-02-03,83.63464894418375
2025-02-04,72.98692712934944
2025-02-05,60.07237081835791
2025-02-06,80.19228874970882
2025-02-07,50.82574793211179
2025-02-08,42.81978084872045
2025-02-09,55.129336440800344
2025-02-10,21.30023802471326
2025-02-11,24.16751997483122
2025-02-12,69.23599066730426
2025-02-13,90.28916050173935
2025-02-14,94.00034987867025
2025-02-15,71.87032665826183
2025-02-16,72.75584087480526
2025-02-17,82.09231031575982
2025-02-18,69.98048519793673
2025-02-19,53.564471971995296
2025-02-20,23.368987031725393
2025-02-21,32.63022592797019
2025-02-22,29.627312641904258
2025-02-23,32.06286400413382
2025-02-24,53.13681801039319
2025-02-25,74.7528396284979
2025-02-26,73.49895476575105
2025-02-27,67.62582004779581
2025-02-28,70.16471379120726
2025-03-01,64.76334488679642
2025-03-02,74.99896489832054
2025-03-03,73.48686522617778
2025-03-04,72.76599904070014
2025-03-05,117.67733037927097
2025-03-06,69.57426419622527
2025-03-07,67.90848342323358
2025-03-08,81.27427478000216
2025-03-09,72.33549884502864
2025-03-10,55.36773374676621
2025-03-11,65.50024840714725
2025-03-12,65.70641553031268
2025-03-13,66.78297237550336
2025-03-14,64.4102688085161
2025-03-15,39.97638070964569
2025-03-16,74.9702075229982
2025-03-17,52.38563569029163
2025-03-18,74.650552319311
2025-03-19,85.84696242811172
2025-03-20,78.29936412561925
2025-03-21,77.79036484036402
2025-03-22,149.99208408806066
2025-03-23,136.83327547734854
2025-03-24,68.50873098797422
2025-03-25,42.763363055071714
2025-03-26,50.28824451315758
2025-03-27,54.211940157689256
2025-03-28,68.63393978627839
2025-03-29,52.66599188905583
2025-03-30,122.01593057968292
2025-03-31,49.078456907025526
2025-04-01,52.64447259367897
2025-04-02,75.84240800199083
2025-04-03,84.80472906343127
2025-04-04,80.85490550964641
2025-04-05,92.31819235760197
2025-04-06,90.86566177539223
2025-04-07,52.615767466998534
2025-04-08,56.844274984478695
2025-04-09,60.4455703563478
2025-04-10,78.65814075773577
2025-04-11,85.3386388838341
2025-04-12,82.687138315291
2025-04-13,104.38448050664759
2025-04-14,40.030759874623946
2025-04-15,69.99308380869074
2025-04-16,44.01029266619319
2025-04-17,41.0340552256167
2025-04-18,31.48520994564802
2025-04-19,75.9969185281855
2025-04-20,90.31131763151642
2025-04-21,61.85779456353559
2025-04-22,53.04110352272566
2025-04-23,53.321637808128884
2025-04-24,43.37279211462627
2025-04-25,39.28007126352722
2025-04-26,83.25326603220643
2025-04-27,91.7690090481929
2025-04-28,90.48020781472923
2025-04-29,85.75583438297315
2025-04-30,86.48515498119602
2025-05-01,89.12654955015115
2025-05-02,81.95697993592037
2025-05-03,81.62265293743476
2025-05-04,119.98038729270621
2025-05-05,27.589717865496375
2025-05-06,37.7717121679596
2025-05-07,43.947347775021115
2025-05-08,48.56128231867494
2025-05-09,44.481140067642364
2025-05-10,79.31358052551433
2025-05-11,88.19521980217077
2025-05-12,50.80362001459366
2025-05-13,83.15990024321381
2025-05-14,86.57926317744003
2025-05-15,84.22119504324392
2025-05-16,97.3368356793447
2025-05-17,102.88778135718665
2025-05-18,98.2602323674881
2025-05-19,62.76079824430031
2025-05-20,69.61653108763981
2025-05-21,63.17278941336735
2025-05-22,95.23583792167912
2025-05-23,59.35589583152409
2025-05-24,85.91775250527593
2025-05-25,135.69795291050923
2025-05-26,85.28762295301627
2025-05-27,79.7773581644773
2025-05-28,33.57979113747028
2025-05-29,74.31546997922281
2025-05-30,108.78267641962613
2025-05-31,101.6057642087526
2025-06-01,106.5269524049497
2025-06-02,63.74928575238052
2025-06-03,86.99495285355931
2025-06-04,70.50145030721957
2025-06-05,52.35675292268319
2025-06-06,87.93437777794591
2025-06-07,74.68194244983346
2025-06-08,116.36683427531366
2025-06-09,122.04620471566612
2025-06-10,38.647818577429604
2025-06-11,81.23085826313945
2025-06-12,89.58349236342814
2025-06-13,75.3825553645158
2025-06-14,101.76550068177595
2025-06-15,92.37699125593689
2025-06-16,57.4637563655206
2025-06-17,84.36177248091256
2025-06-18,70.06712074707376
2025-06-19,108.56802050667875
2025-06-20,91.56622237623769
2025-06-21,98.8574055746817
2025-06-22,105.76728365793882
2025-06-23,119.92888388267208
2025-06-24,128.15122699371318
2025-06-25,94.77564518788236
2025-06-26,35.07057115355215
2025-06-27,64.6991152548997
2025-06-28,111.27248734654371
2025-06-29,142.2254202292348
2025-06-30,60.041639555519076
2025-07-01,60.3659706209528
2025-07-02,50.27884548940037
2025-07-03,98.91301182344385
2025-07-04,76.7599262611153
2025-07-05,99.9410413501729
2025-07-06,59.95121266347919
2025-07-07,45.30151504563386
2025-07-08,35.88689575220219
2025-07-09,43.453400864397466
2025-07-10,43.50131535458508
2025-07-11,57.82367470788032
2025-07-12,86.38483862126725
2025-07-13,89.3014995391467
2025-07-14,43.93715996895462
2025-07-15,41.62665118531652
2025-07-16,42.46131297166347
2025-07-17,39.87555354244159
2025-07-18,46.76003588898279
2025-07-19,76.92900559878689
2025-07-20,71.31228423559173
2025-07-21,46.36457009192427
2025-07-22,63.27050293208085
2025-07-23,59.86577105800838
2025-07-24,49.44778271435634
2025-07-25,43.75111627377873
2025-07-26,36.60460375138268
2025-07-27,49.83090357626439
2025-07-28,40.6121063732414
2025-07-29,95.91032251927473
2025-07-30,55.1032631020539
2025-07-31,44.55507717485658
2025-08-01,42.094698409111615
2025-08-02,72.24240246945713
2025-08-03,94.24381381705821
2025-08-04,73.17236909529976
2025-08-05,171.59382595267664
2025-08-06,128.04737674286594
2025-08-07,81.1497642818677
2025-08-08,78.50420865645535
2025-08-09,96.69778722507624
2025-08-10,102.51179034117035
2025-08-11,77.76264013886343
2025-08-12,62.527090334829694
2025-08-13,50.36578980894346
2025-08-14,47.62748754493062
2025-08-15,75.78472263927324
2025-08-16,80.19872401423905
2025-08-17,81.35420052769567
2025-08-18,54.338117689428636
2025-08-19,53.83033953849661
2025-08-20,41.959878063030125
2025-08-21,38.561431890944306
2025-08-22,57.84869499205026
2025-08-23,77.28370438439323
2025-08-24,92.00669956377027
2025-08-25,66.0244224231598
2025-08-26,48.70547108276696
2025-08-27,49.53895009125307
2025-08-28,58.039028059193306
2025-08-29,44.21541182717818
2025-08-30,59.34183251682218
2025-08-31,70.41764185473119
2025-09-01,51.46116722446447
2025-09-02,58.27319125937519
2025-09-03,68.21635868846207
2025-09-04,74.41011191188261
2025-09-05,46.0149170458818
2025-09-06,73.26699272785892
2025-09-07,80.66134465697904
2025-09-08,54.73523959809691
2025-09-09,68.66238466952822
2025-09-10,60.595156276990004
2025-09-11,66.64950600685012
2025-09-12,95.46454252116406
2025-09-13,70.76487879686296
2025-09-14,77.73430360482762
2025-09-15,147.87840181387395
2025-09-16,115.35498123847452
2025-09-17,59.06801792305153
2025-09-18,68.065865446222
2025-09-19,71.55127425503619
2025-09-20,88.00196766608721
2025-09-21,131.35440610953066
2025-09-22,40.80579802765479
2025-09-23,46.5245733194869
2025-09-24,41.69171759202384
2025-09-25,43.49669450044052
2025-09-26,39.030332829180566
2025-09-27,41.4548648408532
2025-09-28,55.591272447415605
2025-09-29,60.01037860314866
2025-09-30,64.51290022699445
2025-10-01,51.41189030407599
2025-10-02,45.168840021878644
2025-10-03,60.05893449125516
2025-10-04,195.01137960452112
2025-10-05,172.01026371308546
2025-10-06,65.07299708133424
2025-10-07,69.4056021371174
2025-10-08,59.191311999835705
2025-10-09,34.40112751437523
2025-10-10,19.248082635771542
2025-10-11,27.321971062345913
2025-10-12,28.90059489633617
2025-10-13,69.6077807592295
2025-10-14,82.59946817246447
2025-10-15,72.94520259885905
2025-10-16,44.56615223836837
2025-10-17,50.36313155692807
2025-10-18,41.96095542834671
2025-10-19,29.436751777485444
2025-10-20,21.591432878115622
2025-10-21,27.24080875733873
2025-10-22,55.255099826544274
2025-10-23,34.016256281767646
2025-10-24,77.0088032871741
2025-10-25,147.57977154003595
2025-10-26,146.38712144147647
2025-10-27,64.45235699092437
2025-10-28,48.29457054587421
2025-10-29,35.437318201935916
2025-10-30,25.222417978965023
2025-10-31,37.136654394967536
2025-11-01,55.73866157619924
2025-11-02,30.918121326767984
2025-11-03,30.77462342851473
2025-11-04,56.692578142762564
2025-11-05,34.10857825776355
2025-11-06,51.21897913558472
2025-11-07,54.904236992706956
2025-11-08,52.86372112470846
2025-11-09,46.14036019640883
2025-11-10,55.38024893782253
2025-11-11,33.99674253664972
2025-11-12,40.555152377486216
2025-11-13,71.60414730173262
2025-11-14,44.02979642492264
2025-11-15,31.29386510371834
2025-11-16,38.47697094606515
2025-11-17,35.142767220403634
2025-11-18,51.518621341940076
2025-11-19,61.95564371772091
2025-11-20,65.56831024139697
2025-11-21,74.78226245809805
2025-11-22,23.853751998819547
2025-11-23,36.4976461562671
2025-11-24,66.67379894554534
2025-11-25,97.92275191599302
2025-11-26,80.77964362816518
2025-11-27,37.97083463759218
2025-11-28,47.52940852394909
2025-11-29,27.320643965066836
2025-11-30,32.689939023180635
2025-12-01,36.51131936607063
2025-12-02,45.70502178028001
2025-12-03,81.97010053153718
2025-12-04,65.07378583623317
2025-12-05,71.45561090693974
2025-12-06,17.80943123280283
2025-12-07,31.19251299662686
2025-12-08,35.98648436934022
2025-12-09,34.314984222951225
2025-12-10,30.770869192655763
2025-12-11,28.065768648226562
2025-12-12,57.05159366280556
2025-12-13,33.435473500015995
2025-12-14,49.448295848772254
2025-12-15,38.83165227179566
2025-12-16,50.717660800824014
2025-12-17,51.18080625372414
2025-12-18,31.710927404468414
2025-12-19,53.10631867996841
2025-12-20,46.25398204995334
2025-12-21,36.82860758131841
2025-12-22,28.431639775420503
2025-12-23,19.37186972902422
2025-12-24,16.247783514094248
2025-12-25,24.9312189033262
2025-12-26,44.66941885830029
2025-12-27,30.612645361702505
2025-12-28,40.33084376048016
2025-12-29,52.092934878917475
2025-12-30,36.145200000256835
2025-12-31,31.797265920074075
