Date,daily_rmse,fold,week,daily_mae,daily_smape
2025-01-01,542.8210543409649,1,1,540.850144073399,171.94610643830794
2025-01-02,361.0578114832627,1,1,326.76377584004416,65.31978663124397
2025-01-03,189.61768310694293,1,1,157.39880573861367,33.3297322629399
2025-01-04,482.98901942921975,1,1,460.4400405628344,66.6882444045592
2025-01-05,205.86028810074876,1,1,184.98056199182932,39.71349325167591
2025-01-06,260.9964378394391,1,1,252.89206958355805,84.456379265215
2025-01-07,292.425467672587,1,1,278.1619656954667,90.85835512802872
2025-01-08,318.7356078122532,1,2,249.82971076883243,50.92028246703214
2025-01-09,470.5412752626136,1,2,441.78203061563994,62.53207703051466
2025-01-10,400.2023652971154,1,2,341.37348875808925,50.36678606771618
2025-01-11,181.66045069980376,1,2,138.52220903126008,28.93032568657241
2025-01-12,397.93412337688704,1,2,360.9616911774108,56.27612750008145
2025-01-13,462.616725206869,1,2,388.05159007257816,71.63889834524917
2025-01-14,287.9053822548329,1,2,251.25254466316696,69.96618432862292
2025-01-15,1375.7663056530225,1,3,1143.3263986578324,94.77935598938298
2025-01-16,500.4660980159137,1,3,451.6730878113229,62.96113260906103
2025-01-17,530.946162791687,1,3,486.5452771986645,66.50790085417299
2025-01-18,554.1365788192762,1,3,539.9956660328735,73.39516876861246
2025-01-19,509.6209209712423,1,3,500.0371342452027,70.03051142845487
2025-01-20,1573.0764776002434,1,3,1269.5576384002497,103.68010367044033
2025-01-21,876.5360641251638,1,3,795.8750789795173,88.56141565592634
2025-01-22,780.6372681672519,1,4,715.759314915574,82.93151592827229
2025-01-23,294.40036099638223,1,4,223.6422088385298,37.524843370074244
2025-01-24,179.68938644404173,1,4,157.98365008912606,44.57868898576252
2025-01-25,376.2829583539044,1,4,333.669404363487,59.61607838805224
2025-01-26,333.0207364778936,1,4,310.8203581561334,51.502850522733056
2025-01-27,174.26561219427643,1,4,140.08317557471997,39.624867091659425
2025-01-28,399.9043076139647,1,4,343.5619409405108,51.95844452220096
2025-01-29,384.8026019917209,1,5,330.7737623872461,49.986631054173515
2025-01-30,527.7713755860857,1,5,457.88298190792284,61.86434863134266
2025-01-31,606.2261576055113,1,5,571.649547437386,74.59596671860061
2025-02-01,556.6990040101396,1,5,538.861848028777,72.96694682405088
2025-02-02,579.5120023334418,1,5,564.446566353636,75.37250676304203
2025-02-03,744.5886983244324,1,5,696.176978302114,83.63464894418375
2025-02-04,611.8085299875739,1,5,563.9560655185032,72.98692712934944
2025-02-05,477.11513612527,1,6,425.32755449522864,60.07237081835791
2025-02-06,659.6659121239879,1,6,632.8843194746465,80.19228874970882
2025-02-07,386.5394505328685,1,6,338.8523106275036,50.82574793211179
2025-02-08,388.2395525243083,1,6,292.8226711809046,42.81978084872045
2025-02-09,412.43729391014045,1,6,374.5570242012588,55.129336440800344
2025-02-10,187.22777077447026,1,6,124.75864210083539,21.30023802471326
2025-02-11,182.07362317774968,1,6,135.67077656685743,24.16751997483122
2025-02-12,620.489269494836,1,7,548.7126836643332,69.23599066730426
2025-02-13,806.5045581237412,1,7,778.4009881352407,90.28916050173935
2025-02-14,952.9602164553161,1,7,876.7376646460308,94.00034987867025
2025-02-15,542.1160866832654,1,7,525.1548327636579,71.87032665826183
2025-02-16,539.5310188135832,1,7,529.8701204850368,72.75584087480526
2025-02-17,757.067433180114,1,7,688.9323245191321,82.09231031575982
2025-02-18,563.6388792820007,1,7,521.4624883524054,69.98048519793673
2025-02-19,402.821913334204,1,8,358.71993907923024,53.564471971995296
2025-02-20,160.05021367453676,1,8,115.33230447967809,23.368987031725393
2025-02-21,236.71460175771722,1,8,181.4240544268092,32.63022592797019
2025-02-22,175.45892826957518,1,8,144.51831830019754,29.627312641904258
2025-02-23,258.5229154683311,1,8,192.69024699954625,32.06286400413382
2025-02-24,214.35316640696814,1,8,171.97328597075196,53.13681801039319
2025-02-25,649.2963733883864,1,8,591.0542626514383,74.7528396284979
2025-02-26,569.8202758621818,1,9,547.7988246875776,73.49895476575105
2025-02-27,515.1449222565722,1,9,486.776210167903,67.62582004779581
2025-02-28,524.2877325138755,1,9,506.8237489374796,70.16471379120726
2025-03-01,465.7190402508425,1,9,449.1182557234791,64.76334488679642
2025-03-02,298.314478161903,1,9,266.70158890319243,74.99896489832054
2025-03-03,313.64088973379205,1,9,260.8973427890357,73.48686522617778
2025-03-04,256.93679922949303,1,9,217.45236961429796,72.76599904070014
2025-03-05,341.3427243926266,1,10,308.9122452705496,117.67733037927097
2025-03-06,371.1266527873946,1,10,317.13849770043254,69.57426419622527
2025-03-07,491.4807516265402,1,10,425.3431967440112,67.90848342323358
2025-03-08,422.8122084685719,1,10,391.14817683874776,81.27427478000216
2025-03-09,334.3210701162718,1,10,312.43705390347446,72.33549884502864
2025-03-10,440.9531733073031,1,10,383.84585170254223,55.36773374676621
2025-03-11,525.2498063710872,1,10,476.35863980771893,65.50024840714725
2025-03-12,521.2537911770554,1,11,476.3325602076318,65.70641553031268
2025-03-13,510.69662031297213,1,11,479.5212090357042,66.78297237550336
2025-03-14,469.65670504883474,1,11,448.1776674133368,64.4102688085161
2025-03-15,281.8464931573321,1,11,243.57672237373276,39.97638070964569
2025-03-16,261.6015558896658,1,11,237.91128871968513,74.9702075229982
2025-03-17,412.3473418332602,1,11,338.2699233713226,52.38563569029163
2025-03-18,422.20559057517,1,11,369.68944135685274,74.650552319311
2025-03-19,608.6929399986459,1,12,518.6711817631245,85.84696242811172
2025-03-20,607.0733254928045,1,12,488.24895367882345,78.29936412561925
2025-03-21,363.3315499770922,1,12,329.3071483731006,77.79036484036402
2025-03-22,404.396115587977,1,12,394.22418792101024,149.99208408806066
2025-03-23,374.5632092584667,1,12,360.3677453390335,136.83327547734854
2025-03-24,557.0475006385471,1,12,508.4348030355956,68.50873098797422
2025-03-25,326.38453611579445,1,12,274.2756739877829,42.763363055071714
2025-03-26,409.4997971994302,1,13,344.82680903144274,50.28824451315758
2025-03-27,340.02478956578085,1,13,302.1879378969649,54.211940157689256
2025-03-28,390.681589875587,1,13,317.97972146983597,68.63393978627839
2025-03-29,309.3169560315824,1,13,257.16016726732954,52.66599188905583
2025-03-30,350.49739044164124,1,13,310.61997759106276,122.01593057968292
2025-03-31,431.7603968546107,1,13,343.74265552218594,49.078456907025526
2025-04-01,384.7235385291552,1,13,311.8642269777633,52.64447259367897
2025-04-02,335.771956126595,1,14,273.36612571952315,75.84240800199083
2025-04-03,439.02898960168983,1,14,383.1017268057485,84.80472906343127
2025-04-04,418.926162591116,1,14,375.52473526408835,80.85490550964641
2025-04-05,328.515811029182,1,14,287.309218211148,92.31819235760197
2025-04-06,352.52389169891313,1,14,300.0099758389368,90.86566177539223
2025-04-07,416.1416964953459,1,14,336.17572522233934,52.615767466998534
2025-04-08,434.6990218524636,1,14,361.8037989779682,56.844274984478695
2025-04-09,378.58305380981693,1,15,328.328144352989,60.4455703563478
2025-04-10,347.58345766003646,1,15,308.75069141105433,78.65814075773577
2025-04-11,330.56776757321506,1,15,309.49697153043684,85.3386388838341
2025-04-12,359.82709913366864,1,15,303.9862119250825,82.687138315291
2025-04-13,341.80894384145444,1,15,321.2365031554478,104.38448050664759
2025-04-14,351.16986828174834,1,15,266.5932920753369,40.030759874623946
2025-04-15,251.867804010639,1,15,210.2929371053552,69.99308380869074
2025-04-16,305.1239098957473,1,16,249.6516881806978,44.01029266619319
2025-04-17,293.74703540320996,1,16,253.45044798919912,41.0340552256167
2025-04-18,213.73949054151151,1,16,181.06533515025225,31.48520994564802
2025-04-19,314.94858199596297,1,16,284.41308780288995,75.9969185281855
2025-04-20,381.1704804299016,1,16,359.78361225841786,90.31131763151642
2025-04-21,322.71952232025336,1,16,296.9020320585028,61.85779456353559
2025-04-22,506.3213607548192,1,16,388.8548523253389,53.04110352272566
2025-04-23,388.73440558988244,1,17,352.16979790867146,53.321637808128884
2025-04-24,282.3057721023391,1,17,262.3956193253378,43.37279211462627
2025-04-25,259.1424539388307,1,17,231.0160710252535,39.28007126352722
2025-04-26,305.2923913570669,1,17,268.4834841750846,83.25326603220643
2025-04-27,358.99611815269105,1,17,296.26650704166667,91.7690090481929
2025-04-28,427.7915476074553,1,17,373.81900105569656,90.48020781472923
2025-04-29,382.6242621599366,1,17,341.3940648890298,85.75583438297315
2025-04-30,387.82360191538453,1,18,353.1243530973631,86.48515498119602
2025-05-01,364.3559223482539,1,18,312.4533105,89.12654955015115
2025-05-02,316.5860707226542,1,18,274.34852500280596,81.95697993592037
2025-05-03,292.6801951097086,1,18,244.10362633333332,81.62265293743476
2025-05-04,364.7629126100434,1,18,343.1648335721095,119.98038729270621
2025-05-05,203.55550783106756,1,18,157.3612583890298,27.589717865496375
2025-05-06,300.12298412668184,1,18,230.20558538341788,37.7717121679596
2025-05-07,333.7961503580058,1,19,282.9510086586715,43.947347775021115
2025-05-08,380.8297867738861,1,19,322.98164236700484,48.56128231867494
2025-05-09,324.73718348475336,1,19,275.2947139751691,44.481140067642364
2025-05-10,355.0884677077573,1,19,322.5523775472786,79.31358052551433
2025-05-11,328.17572297992325,1,19,304.104158752806,88.19521980217077
2025-05-12,341.5106591031128,1,19,285.62912338902976,50.80362001459366
2025-05-13,426.33257901743605,1,19,369.99292551402976,83.15990024321381
2025-05-14,366.28352471036095,1,20,322.7301065945572,86.57926317744003
2025-05-15,302.3566543950265,1,20,248.7168769138607,84.22119504324392
2025-05-16,378.7109407436531,1,20,339.65055857491546,97.3368356793447
2025-05-17,367.58694554609497,1,20,339.60085628044277,102.88778135718665
2025-05-18,368.88685223710297,1,20,343.69230505008454,98.2602323674881
2025-05-19,405.68766621140514,1,20,337.8876930613084,62.76079824430031
2025-05-20,322.2130183810035,1,20,286.44446796675123,69.61653108763981
2025-05-21,236.51168792538874,1,21,186.41283173597017,63.17278941336735
2025-05-22,305.0556290298575,1,21,280.8611470693035,95.23583792167912
2025-05-23,308.95165031900893,1,21,278.9195491001691,59.35589583152409
2025-05-24,306.4272649838413,1,21,268.9113727916667,85.91775250527593
2025-05-25,376.945893104141,1,21,334.27617831088565,135.69795291050923
2025-05-26,394.92246066719594,1,21,331.6538996278059,85.28762295301627
2025-05-27,304.74202443044857,1,21,262.2827522804428,79.7773581644773
2025-05-28,261.2166876866642,1,22,203.69827477244772,33.57979113747028
2025-05-29,272.525219875635,1,22,235.48364254166665,74.31546997922281
2025-05-30,326.145660251935,1,22,293.7133636358011,108.78267641962613
2025-05-31,450.6555367167735,1,22,386.5896065,101.6057642087526
2025-06-01,337.9805179496654,1,22,281.0021309859702,106.5269524049497
2025-06-02,401.6671543358058,1,22,306.7712957111393,63.74928575238052
2025-06-03,346.2436469472696,1,22,316.4447339166666,86.99495285355931
2025-06-04,375.27228079397594,1,23,317.96889946394526,70.50145030721957
2025-06-05,290.9387878746486,1,23,251.1667821806965,52.35675292268319
2025-06-06,328.19395700868694,1,23,272.7327542027214,87.93437777794591
2025-06-07,285.7640860577443,1,23,252.00477034455716,74.68194244983346
2025-06-08,342.75747289030693,1,23,289.14304423035827,116.36683427531366
2025-06-09,406.1992709885581,1,23,376.57428765263694,122.04620471566612
2025-06-10,183.97379733000406,1,23,152.92822550561195,38.647818577429604
2025-06-11,425.4428826268063,1,24,335.63678913622385,81.23085826313945
2025-06-12,339.0836880916134,1,24,308.5917373389453,89.58349236342814
2025-06-13,281.1286753554688,1,24,228.53994892227857,75.3825553645158
2025-06-14,371.31016709754715,1,24,317.472203125,101.76550068177595
2025-06-15,358.31123242736516,1,24,323.9500005889452,92.37699125593689
2025-06-16,237.44768008703468,1,24,184.0954220056119,57.4637563655206
2025-06-17,368.92300493815577,1,24,312.20408566947265,84.36177248091256
2025-06-18,280.75618010171274,1,25,222.85135934455715,70.06712074707376
2025-06-19,392.56514507043914,1,25,355.8726883249155,108.56802050667875
2025-06-20,468.05783477226845,1,25,429.39227451402985,91.56622237623769
2025-06-21,452.3150440658286,1,25,416.7594688417512,98.8574055746817
2025-06-22,372.71864606591197,1,25,337.0632479943881,105.76728365793882
2025-06-23,346.344755249011,1,25,304.7073590524678,119.92888388267208
2025-06-24,364.207621395614,1,25,336.01816472755235,128.15122699371318
2025-06-25,520.4306958548185,1,26,427.5026782916666,94.77564518788236
2025-06-26,267.6389434802221,1,26,213.44705490025365,35.07057115355215
2025-06-27,279.31379838135035,1,26,223.24334482772142,64.6991152548997
2025-06-28,335.1663501519466,1,26,302.796989269219,111.27248734654371
2025-06-29,424.4017268270665,1,26,400.83412818869164,142.2254202292348
2025-06-30,549.9156232037923,1,26,393.4208281863084,60.041639555519076
2025-07-01,993.6830953073618,1,26,603.2986237752535,60.3659706209528
2025-07-02,454.279966413344,1,27,342.29696556692033,50.27884548940037
2025-07-03,361.2156472984592,1,27,330.3017399026369,98.91301182344385
2025-07-04,303.4569040916505,1,27,277.62133838622384,76.7599262611153
2025-07-05,332.22345061545315,1,27,296.00901866105477,99.9410413501729
2025-07-06,303.8317697819737,1,27,267.5651805140298,59.95121266347919
2025-07-07,333.24805499680286,1,27,287.7420077752536,45.30151504563386
2025-07-08,285.0614039313896,1,27,222.79139881411433,35.88689575220219
2025-07-09,300.01711054160734,1,28,263.1890023169203,43.453400864397466
2025-07-10,292.2879416918026,1,28,259.29765252244766,43.50131535458508
2025-07-11,296.8986556193771,1,28,275.3876970168358,57.82367470788032
2025-07-12,295.86528406531266,1,28,262.72986377763687,86.38483862126725
2025-07-13,352.5527075457979,1,28,327.5099947055274,89.3014995391467
2025-07-14,324.3142544880941,1,28,279.8781786947263,43.93715996895462
2025-07-15,287.8758726491844,1,28,249.66009781411435,41.62665118531652
2025-07-16,285.75755445954235,1,29,258.9879479086715,42.46131297166347
2025-07-17,277.51970306723257,1,29,242.06168136139294,39.87555354244159
2025-07-18,334.77857952530786,1,29,297.83790678367154,46.76003588898279
2025-07-19,315.9880775748336,1,29,297.1891012612238,76.92900559878689
2025-07-20,310.4328419198357,1,29,284.38975292789047,71.31228423559173
2025-07-21,285.67272781661046,1,29,267.00861781411436,46.36457009192427
2025-07-22,291.11809361497143,1,29,272.0420233890298,63.27050293208085
2025-07-23,276.92663293528454,1,30,250.10834808894523,59.86577105800838
2025-07-24,344.4142644770157,1,30,315.03088974200483,49.44778271435634
2025-07-25,281.8640792759597,1,30,264.4503684503382,43.75111627377873
2025-07-26,251.65753634694616,1,30,216.97123681972627,36.60460375138268
2025-07-27,255.83466756675332,1,30,238.56522535297506,49.83090357626439
2025-07-28,220.94227382497868,1,30,186.96913622797504,40.6121063732414
2025-07-29,338.4015988966368,1,30,311.5549239859702,95.91032251927473
2025-07-30,225.27654648111752,1,31,190.45931919149757,55.1032631020539
2025-07-31,266.6229903659101,1,31,232.43977222236313,44.55507717485658
2025-08-01,277.9139503181924,1,31,253.37878598639293,42.094698409111615
2025-08-02,293.7253975498532,1,31,266.3842175112239,72.24240246945713
2025-08-03,312.6170449651797,1,31,255.28523953886074,94.24381381705821
2025-08-04,276.0044927695067,1,31,233.6835718806119,73.17236909529976
2025-08-05,431.0191674151612,1,31,416.1947567163285,171.59382595267664
2025-08-06,389.2294939733664,1,32,375.57246907210947,128.04737674286594
2025-08-07,343.65339130702705,1,32,316.0732836806965,81.1497642818677
2025-08-08,362.8966437308035,1,32,329.1859967668358,78.50420865645535
2025-08-09,356.7647187136574,1,32,335.31443455008457,96.69778722507624
2025-08-10,375.259255357661,1,32,338.3600827972786,102.51179034117035
2025-08-11,413.8513001555197,1,32,362.80702043069647,77.76264013886343
2025-08-12,348.69663873171106,1,32,310.786945227975,62.527090334829694
2025-08-13,430.4476881465521,1,33,333.91779423358696,50.36578980894346
2025-08-14,511.2833306687881,1,33,350.08341235858705,47.62748754493062
2025-08-15,312.9299515513507,1,33,295.76037109736313,75.78472263927324
2025-08-16,295.95661885974357,1,33,269.2565702612239,80.19872401423905
2025-08-17,313.03800168100094,1,33,290.9872127612238,81.35420052769567
2025-08-18,394.3598938835707,1,33,322.48196585297507,54.338117689428636
2025-08-19,291.7180908881737,1,33,270.0010691418358,53.83033953849661
2025-08-20,275.38359628169854,1,34,245.73339065025365,41.959878063030125
2025-08-21,259.6558994391654,1,34,231.03425111419892,38.561431890944306
2025-08-22,262.75348076828095,1,34,240.4482320585024,57.84869499205026
2025-08-23,320.9519583730647,1,34,292.62198676402977,77.28370438439323
2025-08-24,340.00411654100765,1,34,314.7516958417512,92.00669956377027
2025-08-25,431.9237716056362,1,34,355.3711365585024,66.0244224231598
2025-08-26,396.77687067825053,1,34,325.01206923639296,48.70547108276696
2025-08-27,448.42601990239507,1,35,346.80960020033814,49.53895009125307
2025-08-28,461.811348725078,1,35,405.33318482533815,58.039028059193306
2025-08-29,306.4926299648062,1,35,274.3490794920049,44.21541182717818
2025-08-30,283.2166895077283,1,35,258.9201044723631,59.34183251682218
2025-08-31,310.52550802466476,1,35,260.89700708894526,70.41764185473119
2025-09-01,473.2148673060557,1,35,351.45300019192035,51.46116722446447
2025-09-02,621.4954043541641,1,35,458.8664867836715,58.27319125937519
2025-09-03,285.60891500884844,1,36,262.25318871394524,68.21635868846207
2025-09-04,605.445742691063,1,36,412.27327209175115,74.41011191188261
2025-09-05,338.56368105892784,1,36,294.4726805336715,46.0149170458818
2025-09-06,345.49547940569767,1,36,314.4677587612238,73.26699272785892
2025-09-07,289.74833349313144,1,36,266.17053087780596,80.66134465697904
2025-09-08,763.122991467989,1,36,484.71649778086567,54.73523959809691
2025-09-09,800.5105252822447,1,36,596.8651040753382,68.66238466952822
2025-09-10,578.8047936782762,1,37,461.70869653367146,60.595156276990004
2025-09-11,318.63831643234147,1,37,276.25562454727856,66.64950600685012
2025-09-12,364.7371584373784,1,37,329.7312085777214,95.46454252116406
2025-09-13,293.5640553914973,1,37,249.6672944278905,70.76487879686296
2025-09-14,340.66118338081594,1,37,316.6016601722786,77.73430360482762
2025-09-15,388.72387280642306,1,37,368.18934267466176,147.87840181387395
2025-09-16,346.60349833150735,1,37,306.9162132748309,115.35498123847452
2025-09-17,288.4159179177097,1,38,240.96701225280594,59.06801792305153
2025-09-18,309.5221597150841,1,38,271.629727,68.065865446222
2025-09-19,690.3802908763513,1,38,434.21862214183574,71.55127425503619
2025-09-20,322.41411520714854,1,38,284.1802680028059,88.00196766608721
2025-09-21,382.5769215877922,1,38,363.2322381582488,131.35440610953066
2025-09-22,302.1777167378834,1,38,255.32287253367153,40.80579802765479
2025-09-23,369.3762894149116,1,38,306.7014389503382,46.5245733194869
2025-09-24,267.6025855718034,1,39,228.82666714464173,41.69171759202384
2025-09-25,277.61026825292373,1,39,233.56561477244767,43.49669450044052
2025-09-26,275.3771530019794,1,39,237.7745572836715,39.030332829180566
2025-09-27,287.59129317859174,1,39,248.38334648358696,41.4548648408532
2025-09-28,312.35605245976006,1,39,292.921030977975,55.591272447415605
2025-09-29,776.0087480865109,1,39,521.7845816170048,60.01037860314866
2025-09-30,757.1187168830791,1,39,551.2385942107549,64.51290022699445
2025-10-01,619.2915575297121,1,40,413.20935914825486,51.41189030407599
2025-10-02,393.07778989126945,1,40,307.5083614787822,45.168840021878644
2025-10-03,261.9228465418706,1,40,225.00875363822266,60.05893449125516
2025-10-04,453.7934852883516,1,40,453.6991241225785,195.01137960452112
2025-10-05,421.8558555736539,1,40,417.5221845288285,172.01026371308546
2025-10-06,384.68198091321693,1,40,352.482868512031,65.07299708133424
2025-10-07,688.4580581147148,1,40,566.6951650961715,69.4056021371174
2025-10-08,482.56640234326994,1,41,420.5853493982549,59.191311999835705
2025-10-09,284.5075793544626,1,41,211.59916170714175,34.40112751437523
2025-10-10,118.53931860699132,1,41,93.05300841386072,19.248082635771542
2025-10-11,215.93319019491656,1,41,159.37790570152978,27.321971062345913
2025-10-12,213.62808595238783,1,41,168.81893296836554,28.90059489633617
2025-10-13,747.2740747109782,1,41,588.6985372836716,69.6077807592295
2025-10-14,1017.6052833662495,1,41,798.6813731586714,82.59946817246447
2025-10-15,732.7918651873741,1,42,610.1824480649215,72.94520259885905
2025-10-16,314.2032908659429,1,42,278.5918269086715,44.56615223836837
2025-10-17,346.7955344876764,1,42,321.0171025961715,50.36313155692807
2025-10-18,282.2874601030578,1,42,255.0067022003382,41.96095542834671
2025-10-19,172.4661156499261,1,42,143.24181562861315,29.436751777485444
2025-10-20,149.25209210977937,1,42,114.29887519591789,21.591432878115622
2025-10-21,140.65746523336173,1,42,111.13166902644525,27.24080875733873
2025-10-22,655.3281892981496,1,43,461.82259157733694,55.255099826544274
2025-10-23,197.31572671516963,1,43,159.46163640025364,34.016256281767646
2025-10-24,267.1141236076296,1,43,226.36204480608092,77.0088032871741
2025-10-25,388.90868455059166,1,43,369.7665157684118,147.57977154003595
2025-10-26,384.88948899594976,1,43,372.0347510496618,146.38712144147647
2025-10-27,291.91156656056637,1,43,259.4186824723631,64.45235699092437
2025-10-28,266.6402958799556,1,43,223.49512472236313,48.29457054587421
2025-10-29,265.8006106440727,1,44,215.934556262031,35.437318201935916
2025-10-30,147.44006673635127,1,44,125.70212301122383,25.222417978965023
2025-10-31,275.1934629628363,1,44,227.81887627805963,37.136654394967536
2025-11-01,216.9602069143914,1,44,181.06606994710947,55.73866157619924
2025-11-02,240.67073095019634,1,44,185.14005636339175,30.918121326767984
2025-11-03,181.785550235207,1,44,148.84421287661436,30.77462342851473
2025-11-04,275.60335420127575,1,44,216.9692558826107,56.692578142762564
2025-11-05,291.7095738806069,1,45,218.71012580450488,34.10857825776355
2025-11-06,368.7604424081031,1,45,333.26524068992154,51.21897913558472
2025-11-07,414.6703834197778,1,45,369.95021874200484,54.904236992706956
2025-11-08,352.1850091767621,1,45,336.7086261586715,52.86372112470846
2025-11-09,289.98039653656826,1,45,279.1585542315882,46.14036019640883
2025-11-10,428.4650958807237,1,45,378.9343176795049,55.38024893782253
2025-11-11,252.4696442168116,1,45,205.4280434759763,33.99674253664972
2025-11-12,180.11516652220575,1,46,127.23760990744161,40.555152377486216
2025-11-13,267.21882655513065,1,46,239.07899482972016,71.60414730173262
2025-11-14,327.1176434038626,1,46,281.9712446843096,44.02979642492264
2025-11-15,223.33265249061907,1,46,183.08750837100243,31.29386510371834
2025-11-16,247.49650319418245,1,46,226.7068054711715,38.47697094606515
2025-11-17,253.3957419415626,1,46,212.03149021555961,35.142767220403634
2025-11-18,395.81984960862627,1,46,344.4094538461715,51.518621341940076
2025-11-19,497.34472949861555,1,47,445.31802499200484,61.95564371772091
2025-11-20,527.6481687724106,1,47,480.66082173158816,65.56831024139697
2025-11-21,727.8540482559401,1,47,627.0235918461716,74.78226245809805
2025-11-22,135.941299233332,1,47,117.79729062300122,23.853751998819547
2025-11-23,170.21406307766864,1,47,136.35643265705718,36.4976461562671
2025-11-24,700.990690383983,1,47,563.2590013149215,66.67379894554534
2025-11-25,1466.2361182967813,1,47,1214.5256185336714,97.92275191599302
2025-11-26,886.5945984896035,1,48,747.6100155336716,80.77964362816518
2025-11-27,180.83362893345182,1,48,144.3596561550584,37.97083463759218
2025-11-28,201.8648205886258,1,48,149.4682207888607,47.52940852394909
2025-11-29,153.98174129859683,1,48,133.91428014944645,27.320643965066836
2025-11-30,154.6958532736285,1,48,114.1133916185809,32.689939023180635
2025-12-01,167.6762523156432,1,48,146.19889585977856,36.51131936607063
2025-12-02,284.2594878993616,1,48,246.1264514126691,45.70502178028001
2025-12-03,893.8751881985545,1,49,760.3448265024216,81.97010053153718
2025-12-04,501.26181364443244,1,49,466.4843812628381,65.07378583623317
2025-12-05,657.1367935509612,1,49,575.8743362315881,71.45561090693974
2025-12-06,101.71878346229545,1,49,91.27246342389294,17.80943123280283
2025-12-07,208.74489111501785,1,49,166.8800876758917,31.19251299662686
2025-12-08,173.69783131822243,1,49,119.24577328205719,35.98648436934022
2025-12-09,246.77019877241,1,49,202.50971171555958,34.314984222951225
2025-12-10,148.94039171130981,1,50,109.54724077844405,30.770869192655763
2025-12-11,144.64769316057695,1,50,109.44915036658212,28.065768648226562
2025-12-12,411.0516488624242,1,50,382.9644543461715,57.05159366280556
2025-12-13,209.93225522154856,1,50,190.15330710097626,33.435473500015995
2025-12-14,184.33224731982392,1,50,178.65873958091183,49.448295848772254
2025-12-15,202.6028451276419,1,50,180.57148701402977,38.83165227179566
2025-12-16,387.41602469696403,1,50,337.47562895033815,50.717660800824014
2025-12-17,356.85845342859875,1,51,329.82064514825487,51.18080625372414
2025-12-18,155.08197282708468,1,51,122.65357055008455,31.710927404468414
2025-12-19,243.70722907089097,1,51,183.22000000841788,53.10631867996841
2025-12-20,309.4160896776681,1,51,286.8999414815882,46.25398204995334
2025-12-21,223.73615542507017,1,51,211.43283890867153,36.82860758131841
2025-12-22,182.44642139789366,1,51,159.04893130450486,28.431639775420503
2025-12-23,119.81184123121913,1,51,101.98862761619769,19.37186972902422
2025-12-24,101.52789591387182,1,52,83.21484611058577,16.247783514094248
2025-12-25,160.789141748493,1,52,132.06819576322263,24.9312189033262
2025-12-26,287.7078141426697,1,52,270.89576555450486,44.66941885830029
2025-12-27,181.14128777520608,1,52,158.45660681130838,30.612645361702505
2025-12-28,194.86684234096646,1,52,178.48691577725242,40.33084376048016
2025-12-29,218.35462552498973,1,52,189.07113541466788,52.092934878917475
2025-12-30,210.63003808364664,1,52,184.92577028486312,36.145200000256835
2025-12-31,199.2994853465889,1,53,179.71746644472628,31.797265920074075
